<wpml-config>
    <custom-types>
        <custom-type translate="1">product</custom-type>
        <custom-type translate="1">product_variation</custom-type>
        <custom-type translate="1">shop_order</custom-type>
        <custom-type translate="1">shop_order_refund</custom-type>
        <custom-type translate="1">shop_coupon</custom-type>
        <custom-type translate="1">shop_webhook</custom-type>
        <custom-type translate="1">wafs</custom-type>
        <custom-type translate="1">wpcf7_contact_form</custom-type>
        <custom-type translate="1">brands</custom-type>
        <custom-type translate="1">testimonial</custom-type>
        <custom-type translate="1">footer</custom-type>
    </custom-types>
    <taxonomies>
        <taxonomy translate="1">product_type</taxonomy>
        <taxonomy translate="1">product_cat</taxonomy>
        <taxonomy translate="1">product_tag</taxonomy>
        <taxonomy translate="1">product_shipping_class</taxonomy>
        <taxonomy translate="1">download_category</taxonomy>
        <taxonomy translate="1">download_tag</taxonomy>
    </taxonomies>
    <custom-fields>
        <custom-field action="translate">attribute_pa_color</custom-field>
        <custom-field action="translate">attribute_size</custom-field>
        <custom-field action="translate">original_post_id</custom-field>
        <custom-field action="translate">slide_template</custom-field>
        <custom-field action="translate">standard_seo_post_meta_description</custom-field>
        <custom-field action="translate">total_sales</custom-field>
        <custom-field action="translate">vc_teaser</custom-field>
        <custom-field action="translate">wpml_language</custom-field>
        <custom-field action="translate">wpml_media_processed</custom-field>
        <custom-field action="translate">_additional_settings</custom-field>
        <custom-field action="translate">_backorders</custom-field>
        <custom-field action="translate">_billing_address_1</custom-field>
        <custom-field action="translate">_billing_address_2</custom-field>
        <custom-field action="translate">_billing_city</custom-field>
        <custom-field action="translate">_billing_company</custom-field>
        <custom-field action="translate">_billing_country</custom-field>
        <custom-field action="translate">_billing_email</custom-field>
        <custom-field action="translate">_billing_first_name</custom-field>
        <custom-field action="translate">_billing_last_name</custom-field>
        <custom-field action="translate">_billing_phone</custom-field>
        <custom-field action="translate">_billing_postcode</custom-field>
        <custom-field action="translate">_billing_state</custom-field>
        <custom-field action="translate">_button_text</custom-field>
        <custom-field action="translate">_cart_discount</custom-field>
        <custom-field action="translate">_crosssell_ids</custom-field>
        <custom-field action="translate">_customer_ip_address</custom-field>
        <custom-field action="translate">_customer_user</custom-field>
        <custom-field action="translate">_customer_user_agent</custom-field>
        <custom-field action="translate">_default_attributes</custom-field>
        <custom-field action="translate">_downloadable</custom-field>
        <custom-field action="translate">_downloadable_files</custom-field>
        <custom-field action="translate">_download_expiry</custom-field>
        <custom-field action="translate">_download_limit</custom-field>
        <custom-field action="translate">_edit_last</custom-field>
        <custom-field action="translate">_edit_lock</custom-field>
        <custom-field action="translate">_featured</custom-field>
        <custom-field action="translate">_form</custom-field>
        <custom-field action="translate">_height</custom-field>
        <custom-field action="translate">_icl_lang_duplicate_of</custom-field>
        <custom-field action="translate">_length</custom-field>
        <custom-field action="translate">_locale</custom-field>
        <custom-field action="translate">_mail</custom-field>
        <custom-field action="translate">_mail_2</custom-field>
        <custom-field action="translate">_manage_stock</custom-field>
        <custom-field action="translate">_max_price_variation_id</custom-field>
        <custom-field action="translate">_max_regular_price_variation_id</custom-field>
        <custom-field action="translate">_max_sale_price_variation_id</custom-field>
        <custom-field action="translate">_max_variation_price</custom-field>
        <custom-field action="translate">_max_variation_regular_price</custom-field>
        <custom-field action="translate">_max_variation_sale_price</custom-field>
        <custom-field action="translate">_menu_item_classes</custom-field>
        <custom-field action="translate">_menu_item_menu_item_parent</custom-field>
        <custom-field action="translate">_menu_item_object</custom-field>
        <custom-field action="translate">_menu_item_object_id</custom-field>
        <custom-field action="translate">_menu_item_target</custom-field>
        <custom-field action="translate">_menu_item_type</custom-field>
        <custom-field action="translate">_menu_item_url</custom-field>
        <custom-field action="translate">_menu_item_xfn</custom-field>
        <custom-field action="translate">_messages</custom-field>
        <custom-field action="translate">_min_price_variation_id</custom-field>
        <custom-field action="translate">_min_regular_price_variation_id</custom-field>
        <custom-field action="translate">_min_sale_price_variation_id</custom-field>
        <custom-field action="translate">_min_variation_price</custom-field>
        <custom-field action="translate">_min_variation_regular_price</custom-field>
        <custom-field action="translate">_min_variation_sale_price</custom-field>
        <custom-field action="translate">_order_currency</custom-field>
        <custom-field action="translate">_order_discount</custom-field>
        <custom-field action="translate">_order_key</custom-field>
        <custom-field action="translate">_order_shipping</custom-field>
        <custom-field action="translate">_order_shipping_tax</custom-field>
        <custom-field action="translate">_order_tax</custom-field>
        <custom-field action="translate">_order_total</custom-field>
        <custom-field action="translate">_payment_method</custom-field>
        <custom-field action="translate">_payment_method_title</custom-field>
        <custom-field action="translate">_price</custom-field>
        <custom-field action="translate">_prices_include_tax</custom-field>
        <custom-field action="translate">_product_attributes</custom-field>
        <custom-field action="translate">_product_image_gallery</custom-field>
        <custom-field action="translate">_product_url</custom-field>
        <custom-field action="translate">_publicize_pending</custom-field>
        <custom-field action="translate">_purchase_note</custom-field>
        <custom-field action="translate">_recorded_coupon_usage_counts</custom-field>
        <custom-field action="translate">_recorded_sales</custom-field>
        <custom-field action="translate">_regular_price</custom-field>
        <custom-field action="translate">_sale_price</custom-field>
        <custom-field action="translate">_sale_price_dates_from</custom-field>
        <custom-field action="translate">_sale_price_dates_to</custom-field>
        <custom-field action="translate">_shipping_address_1</custom-field>
        <custom-field action="translate">_shipping_address_2</custom-field>
        <custom-field action="translate">_shipping_city</custom-field>
        <custom-field action="translate">_shipping_company</custom-field>
        <custom-field action="translate">_shipping_country</custom-field>
        <custom-field action="translate">_shipping_first_name</custom-field>
        <custom-field action="translate">_shipping_last_name</custom-field>
        <custom-field action="translate">_shipping_postcode</custom-field>
        <custom-field action="translate">_shipping_state</custom-field>
        <custom-field action="translate">_sku</custom-field>
        <custom-field action="translate">_sold_individually</custom-field>
        <custom-field action="translate">_stock</custom-field>
        <custom-field action="translate">_stock_status</custom-field>
        <custom-field action="translate">_tax_class</custom-field>
        <custom-field action="translate">_tax_status</custom-field>
        <custom-field action="translate">_thumbnail_id</custom-field>
        <custom-field action="translate">_upsell_ids</custom-field>
        <custom-field action="translate">_virtual</custom-field>
        <custom-field action="translate">_visibility</custom-field>
        <custom-field action="translate">_weight</custom-field>
        <custom-field action="translate">_width</custom-field>
        
        <custom-field action="translate">_wpb_shortcodes_custom_css</custom-field>
        <custom-field action="translate">_wpb_vc_js_interface_version</custom-field>
        <custom-field action="translate">_wpb_vc_js_status</custom-field>
        <custom-field action="translate">_wpml_media_duplicate</custom-field>
        <custom-field action="translate">_wpml_media_featured</custom-field>
        <custom-field action="translate">_wp_attached_file</custom-field>
        <custom-field action="translate">_wp_attachment_metadata</custom-field>
        <custom-field action="translate">_wp_old_slug</custom-field>
        <custom-field action="translate">_wp_page_template</custom-field>
           
    </custom-fields>
  <admin-texts>
      <key name="indutri">
      <key name="page_layout"/>
      <key name="enable_backtotop"/>
      <key name="header_layout"/>
      <key name="multi_text"/>
      <key name="location_header"/>
      <key name="phone_header"/>
      <key name="email_header"/>
      <key name="banner_header"/>
      <key name="custom_favicon"/>
      <key name="header_logo"/>
      <key name="header_logo_mobile"/>
      <key name="footer_layout"/>
      <key name="copyright_text"/>
      <key name="main_color"/>
      <key name="info_background"/>
      <key name="main_background_color"/>
      <key name="main_background_image"/>
      <key name="main_background_image_type"/>
      <key name="top_bar_font_color"/>
      <key name="top_bar_background_color"/>
      <key name="header_background_color"/>
      <key name="header_font_color"/>
      <key name="header_font_color_link"/>
      <key name="header_font_color_link_hover"/>
      <key name="menu_background_color"/>
      <key name="menu_font_color"/>
      <key name="menu_font_color_link"/>
      <key name="menu_font_color_link_hover"/>
      <key name="menu_sub_background_color"/>
      <key name="menu_sub_font_color"/>
      <key name="menu_sub_font_color_link"/>
      <key name="menu_sub_font_color_link_hover"/>
      <key name="content_background_color"/>
      <key name="content_font_color"/>
      <key name="content_font_color_link"/>
      <key name="content_font_color_link_hover"/>
      <key name="footer_background_color"/>
      <key name="footer_font_color"/>
      <key name="footer_font_color_link"/>
      <key name="footer_font_color_link_hover"/>
      <key name="main_font_source"/>
    </key>
  </admin-texts>
</wpml-config>