{"woocommerce_sidebar":{"woocommerce_product_categories-2":{"title":"Product categories","orderby":"name","dropdown":0,"count":0,"hierarchical":1,"show_children_only":0,"hide_empty":0,"max_depth":""},"woocommerce_price_filter-2":{"title":"Filter by price"},"woocommerce_layered_nav-2":{"title":"Filter by Color","attribute":"color","display_type":"list","query_type":"and"},"woocommerce_layered_nav-5":{"title":"Filter by size","attribute":"size","display_type":"list","query_type":"and"}},"portfolio_sidebar":{"nav_menu-5":{"title":"Categories","nav_menu":136},"custom_html-6":{"title":"","content":"<div class=\"support-box\">\r\n<ul>\r\n \t<li class=\"title\">Need Helps?<\/li>\r\n \t<li class=\"text\">Speak with a human to filling out a form? call corporate office and we will connect you with a team member who can help.<\/li>\r\n<\/ul>\r\n<\/div>"},"custom_html-7":{"title":"","content":"<div class=\"download-box\">\r\n\t<a href=\"#\">Download Our Details<\/a>\r\n<\/div>"}},"service_sidebar":{"nav_menu-4":{"title":"Services","nav_menu":136},"custom_html-4":{"title":"","content":"<div class=\"support-box\">\r\n<ul>\r\n\t<li class=\"title\">Need Helps?<\/li>\r\n \t<li class=\"text\">Speak with a human to filling out a form? call corporate office and we will connect you with a team member who can help.    <\/li>\r\n\t<li class=\"phone\"><a href=\"tel:666 888 0000\"><i class=\"fi flaticon-calling\"><\/i>92 666 888 0000<\/a><\/li>\r\n<\/ul>\r\n<\/div>"},"custom_html-5":{"title":"","content":"<div class=\"download-box\">\r\n\t<a href=\"#\">Download Our Details<\/a>\r\n<\/div>"}},"blog_sidebar":{"categories-3":{"title":"Category","count":1,"hierarchical":1,"dropdown":0},"tag_cloud-2":{"title":"Tag cloud","taxonomy":"post_tag"},"recent-posts-3":{"title":"Recent Posts","number":3,"show_date":true},"custom_html-9":{"title":"","content":"<div class=\"download-box\">\r\n\t<a href=\"#\">Download Our Details<\/a>\r\n<\/div>"}},"other_sidebar":{"nav_menu-3":{"title":"Company","nav_menu":139},"recent-posts-4":{"title":"Recent Posts","number":3,"show_date":true},"custom_html-3":{"title":"","content":"<div class=\"download-box\">\r\n\t<a href=\"#\">Download Our Details<\/a>\r\n<\/div>"}}}